{
  "Archaic": {
    "Female": [ "Abigayl", "Aebria", "Aeobreia", "Breia", "Aedria", "Aodreia", "Dreia", "Aeliya", "Aliya", "Aella", "Aemilya", "Aemma", "Aemy", "Amy", "Ami", "Aeria", "Arya", "Aeva", "Aevelyn", "Evylann", "Alaexa", "Alyxa", "Alina", "Aelina", "Aelinea", "Allisann", "Allysann", "Alyce", "Alys", "Alysea", "Alyssia", "Aelyssa", "Amelya", "Maelya", "Andreya", "Aendrea", "Arianna", "Aryanna", "Arielle", "Aryell", "Ariella", "Ashlena", "Aurora", "Avaery", "Avyrie", "Bella", "Baella", "Brooklinea", "Bryanna", "Brynna", "Brinna", "Caemila", "Chloe", "Chloeia", "Claira", "Clayre", "Clayra", "Delyla", "Dalyla", "Elisybeth", "Aelisabeth", "Ellia", "Ellya", "Elyana", "Eliana", "Eva", "Falyne", "Genaesis", "Genaesys", "Gianna", "Jianna", "Janna", "Graece", "Grassa", "Haenna", "Hanna", "Halya", "Harperia", "Peria", "Hazyl", "Hazel", "Jasmyne", "Jasmine", "Jocelyne", "Joceline", "Celine", "Kaelia", "Kaelya", "Kathryne", "Kathrine", "Kayla", "Kaila", "Kymber", "Kimbera", "Layla", "Laylanna", "Leia", "Leya", "Leah", "Lilia", "Lylia", "Luna", "Maedisa", "Maelania", "Melania", "Maya", "Mya", "Myla", "Milae", "Naomi", "Naome", "Natalya", "Talya", "Nathylie", "Nataliae", "Thalia", "Nicola", "Nikola", "Nycola", "Olivya", "Alivya", "Penelope", "Paenelope", "Pynelope", "Rianna", "Ryanna", "Ruby", "Ryla", "Samaentha", "Samytha", "Sara", "Sarah", "Savannia", "Scarletta", "Sharlotta", "Caerlotta", "Sophya", "Stella", "Stylla", "Valentyna", "Valerya", "Valeria", "Valia", "Valea", "Victorya", "Vilettia", "Ximena", "Imaena", "Ysabel", "Zoe", "Zoeia", "Zoea", "Zoesia" ],
    "Male": [ "Aaryn", "Aaro", "Aarus", "Abramus", "Abrahm", "Abyl", "Abelus", "Adannius", "Adanno", "Aedam", "Adym", "Adamus", "Aedrian", "Aedrio", "Aedyn", "Aidyn", "Aelijah", "Elyjah", "Aendro", "Androe", "Aenry", "Hynroe", "Hynrus", "Aethan", "Aethyn", "Aevan", "Evyn", "Evanus", "Alecks", "Alyx", "Alexandyr", "Xandyr", "Alyn", "Alaen", "Andrus", "Aendrus", "Anglo", "Aenglo", "Anglus", "Antony", "Antonyr", "Astyn", "Astinus", "Axelus", "Axyl", "Benjamyn", "Benjamyr", "Braidyn", "Brydus", "Braddeus", "Brandyn", "Braendyn", "Bryus", "Bryne", "Bryn", "Branus", "Caeleb", "Caelyb", "Caerlos", "Carlus", "Cameryn", "Camerus", "Cartus", "Caertero", "Charlus", "Chaerles", "Chyrles", "Christophyr", "Christo", "Chrystian", "Chrystan", "Connorus", "Connyr", "Daemian", "Damyan", "Daenyel", "Danyel", "Davyd", "Daevo", "Dominac", "Dylaen", "Dylus", "Elius", "Aeli", "Elyas", "Helius", "Helian", "Emilyan", "Emilanus", "Emmanus", "Emynwell", "Ericus", "Eryc", "Eryck", "Ezekius", "Zeckus", "Ezekio", "Ezrus", "Yzra", "Gabrael", "Gaebriel", "Gael", "Gayl", "Gayel", "Gaeus", "Gavyn", "Gaevyn", "Goshwa", "Joshoe", "Graysus", "Graysen", "Gwann", "Ewan", "Gwyllam", "Gwyllem", "Haddeus", "Hudsyn", "Haesoe", "Haesys", "Haesus", "Handus", "Handyr", "Hantus", "Huntyr", "Haroldus", "Haryld", "Horgus", "Horus", "Horys", "Horyce", "Hosea", "Hosius", "Iaen", "Yan", "Ianus", "Ivaen", "Yvan", "Jaecoby", "Jaecob", "Jaeden", "Jaedyn", "Jaeremiah", "Jeremus", "Jasyn", "Jaesen", "Jaxon", "Jaxyn", "Jaxus", "Johnus", "Jonus", "Jonaeth", "Jonathyn", "Jordus", "Jordyn", "Josaeth", "Josephus", "Josaeus", "Josayah", "Jovanus", "Giovan", "Julyan", "Julyo", "Jyck", "Jaeck", "Jacus", "Kaevin", "Kevyn", "Vinkus", "Laevi", "Levy", "Levius", "Landyn", "Laendus", "Leo", "Leonus", "Leonaerdo", "Leonyrdo", "Lynardus", "Lincon", "Lyncon", "Linconus", "Logaen", "Logus", "Louis", "Lucius", "Lucae", "Lucaen", "Lucaes", "Lucoe", "Lucus", "Lyam", "Maeson", "Masyn", "Maetho", "Mathoe", "Matteus", "Matto", "Maxus", "Maximus", "Maximo", "Maxymer", "Mychael", "Mygwell", "Miglus", "Mythro", "Mithrus", "Naemo", "Naethyn", "Nathanus", "Naethynel", "Nicholaes", "Nycholas", "Nicholys", "Nicolus", "Nolyn", "Nolanus", "Olivyr", "Alivyr", "Olivus", "Oscarus", "Oscoe", "Raen", "Ryn", "Robertus", "Robett", "Bertus", "Romyn", "Romanus", "Ryderus", "Ridyr", "Samwell", "Saemuel", "Santegus", "Santaegus", "Sybasten", "Bastyen", "Tago", "Aemo", "Tagus", "Theodorus", "Theodus", "Thaeodore", "Thomys", "Thomas", "Tommus", "Tylus", "Tilyr", "Uwyn", "Oewyn", "Victor", "Victyr", "Victorus", "Vincynt", "Vyncent", "Vincentus", "Wyttus", "Wyaett", "Xavius", "Havius", "Xavyer", "Yago", "Tyago", "Tyego", "Ysaac", "Aisaac", "Ysaiah", "Aisiah", "Siahus", "Zacharus", "Zachar", "Zachaery" ]
  },
  "Westron": {
    "Female": [ "Abigail", "Aemily", "Emilia", "Alexa", "Alinea", "Alina", "Leena", "Allyson", "Allison", "Alya", "Aliya", "Alys", "Alyce", "Ami", "Amee", "Andrea", "Aendrea", "Aria", "Arya", "Ariana", "Aryana", "Ariel", "Arielle", "Ashlene", "Ashlyne", "Aubree", "Aubria", "Bree", "Audree", "Audria", "Dree", "Aurora", "Ava", "Averee", "Avery", "Bella", "Brianna", "Brynn", "Bryanna", "Brooke", "Brooklyn", "Camila", "Clayre", "Clara", "Clayra", "Claire", "Cloe", "Cloey", "Delyla", "Dalia", "Eliana", "Elyna", "Liana", "Lyana", "Ella", "Ellie", "Elli", "Elyssa", "Lyssie", "Emma", "Eva", "Evylen", "Faline", "Genesys", "Jenessa", "Gina", "Ginna", "Janna", "Grayce", "Grace", "Halia", "Halie", "Hanna", "Hannah", "Harper", "Peria", "Hazel", "Azalea", "Isabel", "Belle", "Jasmine", "Jocelyn", "Joyce", "Celyne", "Kaeli", "Kathryn", "Kathrinn", "Cathryn", "Kayla", "Kym", "Kymber", "Layla", "Laila", "Lanna", "Lea", "Leia", "Leah", "Lily", "Lyly", "Lisbeth", "Lysbeth", "Luna", "Loona", "Madisyn", "Maya", "Maia", "Mea", "Melania", "Melany", "Mena", "Mina", "Mila", "Myla", "Milly", "Amelia", "Naomi", "Nataly", "Natta", "Natylie", "Natty", "Nycole", "Nicolle", "Olyva", "Alivia", "Olivia", "Penelope", "Penny", "Rianna", "Ryanna", "Ruby", "Ryla", "Rilie", "Rylie", "Samitha", "Samentha", "Sara", "Sarah", "Savanna", "Scarlet", "Sharlotte", "Carlotta", "Sophia", "Stelly", "Stella", "Vala", "Valentyna", "Valea", "Valerya", "Valerie", "Victoria", "Victora", "Violet", "Viola", "Zoe", "Zoey", "Zosy" ],
    "Male": [ "Aaron", "Aaryn", "Abram", "Bram", "Abyl", "Abel", "Adam", "Aedam", "Adrian", "Hadrian", "Aiden", "Aidyn", "Alyx", "Alix", "Andres", "Andrew", "Andre", "Angel", "Anthony", "Astin", "Axel", "Axyl", "Benjamyn", "Benjamin", "Braddeus", "Bradyn", "Brynden", "Brandyn", "Bryne", "Bryan", "Bran", "Calyb", "Caleb", "Camryn", "Cam", "Carliss", "Cartyr", "Cartus", "Chirles", "Charly", "Conner", "Cristian", "Crystan", "Damien", "Damyn", "Daniel", "Dannel", "Dann", "Danny", "David", "Davyd", "Diegon", "Tiagon", "Domnac", "Dylan", "Eli", "Ely", "Elias", "Elyas", "Elijah", "Elijan", "Emilian", "Emynwell", "Emmyn", "Emmon", "Eric", "Eryc", "Ethan", "Athyn", "Evan", "Evyn", "Ezran", "Ezrus", "Gabreil", "Gabreal", "Gael", "Gayl", "Gavyn", "Gavin", "Gray", "Grasyn", "Haddeus", "Hudsen", "Handyr", "Hander", "Harold", "Haryld", "Horus", "Horace", "Horyce", "Hoseas", "Huntyr", "Han", "Hynry", "Henro", "Iaen", "Ian", "Isaac", "Isiah", "Isaias", "Ivaen", "Ivan", "Jacoby", "Jacob", "Jaeden", "Jayden", "Jak", "Jyck", "Jasyn", "Jason", "Jax", "Jaxon", "Jaymes", "Iamus", "Jestin", "Yestin", "John", "Jonn", "Jonath", "Joathyn", "Jorden", "Jordyn", "Joseth", "Joeseph", "Joshen", "Goshen", "Josyah", "Josius", "Jovan", "Julian", "Julyan", "Kevin", "Kevan", "Lan", "Alyn", "Landon", "Landyn", "Lenus", "Linus", "Leon", "Leo", "Lynard", "Levi", "Levy", "Liam", "Logan", "Lucan", "Luc", "Lucas", "Lucyus", "Louis", "Lyncon", "Lincus", "Mason", "Masyn", "Mathew", "Mattius", "Matt", "Maximer", "Maximus", "Michael", "Migwell", "Mither", "Nathyn", "Nathan", "Nathynel", "Nathanyel", "Nicholus", "Nik", "Noam", "Nolyn", "Nolan", "Olver", "Olliver", "Osco", "Oscus", "Oscar", "Owyn", "Owen", "Remus", "Jaeremy", "Rian", "Ryan", "Robett", "Robb", "Roman", "Romyn", "Ryder", "Samwell", "Samuel", "Sebasten", "Bastien", "Taegus", "Santus", "Theodor", "Theodus", "Thedoras", "Thomys", "Tommas", "Tomm", "Thom", "Tophyr", "Cristor", "Tylor", "Ty", "Tylus", "Victor", "Vyctor", "Vincent", "Vyncent", "Vynce", "Wann", "Wanny", "Willam", "Willem", "Wytt", "Xander", "Alexander", "Xavyer", "Xavy", "Havy", "Zachaery", "Zeke", "Zeek", "Ezekyel" ]
  },
  "Southron": {
    "Female": [ "Abigala", "Abia", "Abria", "Abressa", "Adria", "Adressa", "Alessa", "Alessana", "Alia", "Alya", "Alina", "Alinea", "Alinia", "Alisea", "Alisia", "Alissa", "Lyssa", "Alova", "Elva", "Amia", "Amya", "Amilia", "Andrea", "Ondrea", "Aria", "Ariana", "Ariella", "Aryella", "Aslena", "Azlena", "Avelia", "Avelina", "Averra", "Ferra", "Avia", "Azelia", "Hazelia", "Bella", "Bera", "Kimbera", "Brianna", "Brinna", "Brocalina", "Brokalina", "Calia", "Caliana", "Calla", "Camilia", "Carlotta", "Catrina", "Catherina", "Clara", "Claira", "Cloia", "Delia", "Delila", "Delyla", "Elia", "Ellya", "Eliana", "Ema", "Estella", "Estelia", "Eva", "Falinia", "Gianesia", "Genesia", "Gianna", "Gianna", "Grassia", "Grazia", "Halia", "Hanna", "Iasmina", "Jazmina", "Illa", "Ella", "Imina", "Isabella", "Laila", "Lailana", "Leia", "Lilia", "Lisabeta", "Betta", "Luna", "Madisinia", "Madizinia", "Maia", "Maya", "Melania", "Milannia", "Mia", "Mila", "Milia", "Natalia", "Natalya", "Nicola", "Nikola", "Nomi", "Nomia", "Oiara", "Oyara", "Pera", "Pinna", "Pia", "Pinelopi", "Riana", "Rilia", "Rubia", "Samena", "Samitia", "Sara", "Sarra", "Scarlotta", "Selina", "Jocelina", "Sofia", "Zofia", "Talia", "Talea", "Talya", "Valentina", "Fantina", "Valeria", "Feria", "Valia", "Vanna", "Fanna", "Viola", "Violetta", "Vittoria", "Vittora", "Zoia", "Uzoia", "Zosia", "Zusia" ],
    "Male": [ "Abelan", "Abbos", "Abramo", "Brammos", "Adamo", "Adamos", "Adrio", "Adrios", "Adros", "Aido", "Aidos", "Aleno", "Alennos", "Alessandro", "Alesso", "Alonso", "Alonnos", "Alvero", "Alvan", "Andoran", "Handros", "Andrean", "Andrenas", "Andro", "Andros", "Angelo", "Anglos", "Antonio", "Antono", "Aro", "Aros", "Astono", "Stonnos", "Benemo", "Benemos", "Brado", "Bridos", "Brando", "Brannos", "Bruno", "Bronnos", "Caliban", "Callos", "Camero", "Kamros", "Carlos", "Karlos", "Carolan", "Karolos", "Cartero", "Karros", "Cavo", "Cavos", "Conoro", "Konoros", "Cristeno", "Cristenos", "Cristofo", "Cristos", "Dalio", "Dalian", "Damino", "Dammos", "Danello", "Danellos", "Dano", "Dannos", "Davo", "Davios", "Domino", "Domnos", "Elian", "Helian", "Eligio", "Elihios", "Elio", "Ellios", "Emanolo", "Emannos", "Enrico", "Enrikos", "Esekio", "Esekios", "Esro", "Ezro", "Ezros", "Etan", "Evanio", "Ephanos", "Gabrilo", "Gabrios", "Galan", "Gallos", "Gavano", "Gavannos", "Giaco", "Jakos", "Giacomo", "Jacomo", "Jakomos", "Giadeo", "Hadeos", "Giasson", "Giassonos", "Gionato", "Gionatos", "Giorran", "Jorros", "Gioseno", "Giosenos", "Gioseppi", "Gioseppos", "Giosso", "Hossos", "Giovan", "Jovos", "Giulio", "Hulios", "Grassio", "Grassos", "Guan", "Jannos", "Guliemo", "Guliemos", "Haddeo", "Haddeos", "Hano", "Hanos", "Hanro", "Hanros", "Hanto", "Hantos", "Hasselo", "Axlos", "Havio", "Xavios", "Horacio", "Horace", "Hosso", "Hossos", "Iacono", "Jakonos", "Iago", "Tiago", "Iamos", "Ianio", "Jannos", "Iasono", "Jasonos", "Iesso", "Hessos", "Iono", "Yonnos", "Isamo", "Isamos", "Isimo", "Isimos", "Ivano", "Ibannos", "Jeraldo", "Graddos", "Lando", "Landos", "Leo", "Leon", "Leon", "Leonnos", "Levio", "Lebbios", "Liamo", "Liamos", "Lincono", "Linconos", "Lucios", "Lukios", "Luco", "Lucos", "Lugo", "Lucan", "Luho", "Luhos", "Masono", "Masnos", "Massimo", "Maksimos", "Mateo", "Mateos", "Matos", "Matto", "Mattos", "Miglan", "Miglos", "Miguel", "Miguelos", "Milio", "Miliano", "Milyannos", "Mitro", "Mitros", "Natan", "Natannos", "Nateo", "Natos", "Nicolo", "Nicos", "Nolano", "Nolannos", "Oscaro", "Oskos", "Otio", "Ottios", "Remo", "Remmos", "Riano", "Rianos", "Ridero", "Riddros", "Robero", "Robbos", "Roman", "Romannos", "Saccoro", "Saccaros", "Samual", "Samos", "Santo", "Santos", "Sebastio", "Sebastos", "Bastio", "Teodoro", "Theodorus", "Tiago", "Iago", "Iagos", "Tagos", "Tilo", "Tiloros", "Tomo", "Tommos", "Uenio", "Unnos", "Victoran", "Tornos", "Vincenso", "Vincenzo", "Vinnos" ]
  },
  "Northish": {
    "Female": [ "Abryia", "Abrjia", "Bryia", "Brjia", "Abyiga", "Abjiga", "Adryia", "Adrjia", "Dryia", "Drjia", "Aleksa", "Alisya", "Alisja", "Aliya", "Alija", "Alysann", "Alisann", "Alyss", "Aliss", "Amya", "Amja", "Andreya", "Andreja", "Anika", "Arya", "Arja", "Aryana", "Arjana", "Aryel", "Arjel", "Aslyena", "Asljena", "Bela", "Brooka", "Bruka", "Brynn", "Brinn", "Dalilja", "Dalilya", "Elisabet", "Ellya", "Ellja", "Elyana", "Eljana", "Ema", "Emili", "Amilja", "Eva", "Eva", "Falyne", "Faline", "Feryia", "Ferjia", "Graya", "Graja", "Halya", "Halja", "Hanna", "Hazel", "Isabel", "Ysabel", "Jenesa", "Yenesa", "Kalya", "Kalja", "Kamilia", "Kamilja", "Karlata", "Sharla", "Katrina", "Katya", "Katja", "Kayla", "Kaila", "Klara", "Kloya", "Kloja", "Kyma", "Kima", "Lana", "Leya", "Leja", "Lilja", "Lilya", "Lina", "Lyna", "Alyna", "Lippi", "Pippi", "Loona", "Lona", "Madyisa", "Madjisa", "Maya", "Maja", "Melanya", "Melanja", "Lanya", "Lanja", "Milya", "Milja", "Miya", "Mija", "Myla", "Mjila", "Natalya", "Natalja", "Natya", "Natja", "Nikola", "Olifya", "Olifja", "Oyara", "Ojara", "Perja", "Perya", "Ruby", "Rubi", "Ryanna", "Rjanna", "Ryila", "Rjila", "Samitya", "Samitja", "Sara", "Selyne", "Seline", "Skarlya", "Skarlja", "Sofi", "Sosya", "Sosja", "Soya", "Soja", "Tella", "Tylla", "Valentina", "Valerya", "Valerja", "Valya", "Valja", "Vanna", "Viktorya", "Viktorja", "Vila", "Vyla", "Yanna", "Janna", "Yasmine", "Jasmine", "Yella", "Jella", "Yemina", "Jemina", "Yvelyn", "Iveljin" ],
    "Male": [ "Aaro", "Aaryn", "Abel", "Adryan", "Adrjan", "Adym", "Adam", "Aksel", "Aleks", "Aleksander", "Alver", "Andrey", "Andrej", "Andrus", "Anton", "Anyel", "Anjel", "Astyn", "Asten", "Aydyn", "Ayden", "Benyen", "Benjen", "Brahm", "Brahn", "Brandyn", "Brandjen", "Branus", "Bronn", "Dain", "Davek", "Dale", "Damyin", "Damjin", "Dan", "Danyel", "Danjel", "Domnik", "Efan", "Efjan", "Efyan", "Elijan", "Eliyan", "Elje", "Elye", "Emanus", "Emilyan", "Emiljan", "Eryk", "Erik", "Esran", "Ethyn", "Gabrjel", "Gabryel", "Gafyn", "Gafjen", "Gayl", "Gail", "Graysen", "Graisen", "Hadsen", "Hudsen", "Hafyus", "Hafjus", "Han", "Handus", "Harold", "Helyan", "Heljan", "Henrik", "Horgus", "Hossen", "Ifjan", "Yfan", "Jak", "Yak", "Jakob", "Yakob", "Jamye", "Jamje", "Jan", "Yak", "Jasyn", "Jasjen", "Johan", "Yohan", "Joren", "Yoren", "Josef", "Yosef", "Julyan", "Juljan", "Yulian", "Kaliv", "Kamrus", "Kanus", "Karl", "Yarl", "Jarl", "Karlus", "Kartus", "Kefyan", "Kefjan", "Kristofer", "Tofer", "Kristyan", "Kristjan", "Lan", "Landen", "Lefi", "Lokan", "Lucyus", "Lucjius", "Lukas", "Lyam", "Ljam", "Lyenard", "Ljenard", "Lynkus", "Linkus", "Lyonus", "Ljonus", "Lyuk", "Ljuk", "Maks", "Masyn", "Matye", "Matje", "Matyus", "Matjus", "Miglus", "Mitye", "Mitje", "Mykael", "Natyan", "Natjan", "Natyanus", "Natjanus", "Nikolas", "Nolen", "Nom", "Oskar", "Owyn", "Ojin", "Remus", "Robyet", "Robjet", "Romyn", "Romen", "Ryderus", "Riderus", "Ryn", "Rjan", "Sammen", "Santyeg", "Santjeg", "Sebastyan", "Sebastjan", "Sekyus", "Sekjus", "Skarye", "Skarje", "Teodus", "Teddus", "Tomus", "Tylus", "Tilus", "Viktor", "Viktus", "Vintus", "Vyntus", "Wilhelm", "Wyat", "Wjat", "Yaden", "Jaden", "Yaks", "Jaks", "Yaksen", "Jaksen", "Yesten", "Jesten", "Ygan", "Egan", "Yofan", "Jofan", "Yonaf", "Jonaf", "Yoshen", "Joshen", "Yosyen", "Josjen", "Ysak", "Isak", "Isaak", "Ysiah", "Isjah", "Isajas" ]
  }
}
